{
    "SCHOTT_BK7": [
        1.03961212,
        0.231792344,
        0.231792344,
        6.00069867e-3,
        2.00179144e-2,
        1.03560653e2
    ],
    "SCHOTT_BAF10": [
        1.5851495,
        0.143559385,
        1.08521269,
        0.926681282e-2,
        0.0424489805,
        1.05613573e2
    ]
}
